{
    "cameras": [
        {
            "id": 0,
            "K": [
                [
                    718.3001125416795,
                    0.0,
                    541.9165265972254
                ],
                [
                    0.0,
                    718.6058776460138,
                    394.4913061821494
                ],
                [
                    0.0,
                    0.0,
                    1.0
                ]
            ],
            "D": [
                [
                    -0.4296180262147999,
                    0.2319621299123042,
                    -0.002717079899942763,
                    -0.0029171929939725266,
                    -0.07496744273594261
                ]
            ]
        },
        {
            "id": 1,
            "K": [
                [
                    773.9661824550858,
                    0.0,
                    497.16863047421526
                ],
                [
                    0.0,
                    748.890511827299,
                    313.97241497415234
                ],
                [
                    0.0,
                    0.0,
                    1.0
                ]
            ],
            "D": [
                [
                    -0.5165385076686838,
                    0.4183507536777392,
                    0.030729277055561728,
                    -0.0001470318823505881,
                    -0.21432376637710196
                ]
            ]
        },
        {
            "id": 2,
            "K": [
                [
                    724.4934853780587,
                    0.0,
                    506.3000573185378
                ],
                [
                    0.0,
                    725.3654802431791,
                    403.4667184531937
                ],
                [
                    0.0,
                    0.0,
                    1.0
                ]
            ],
            "D": [
                [
                    -0.442113085869741,
                    0.25177117977580077,
                    -0.0010211231598122761,
                    0.0008843820307213207,
                    -0.08537098208859606
                ]
            ]
        }
    ],
    "extrinsics": [
        {
            "pos": [
                -324.3407850893641,
                -178.24508698094422,
                335.65228694264226
            ],
            "R": [
                [
                    -0.07970547189386393,
                    0.5184634820993437,
                    -0.8513769173988687
                ],
                [
                    -0.6425250836629588,
                    0.6262678398438734,
                    0.44153154999523675
                ],
                [
                    0.7621079678195762,
                    0.5822235056288194,
                    0.28320881850536295
                ]
            ],
            "T": [
                [
                    352.328442508374
                ],
                [
                    -244.96899900174495
                ],
                [
                    255.90148839497158
                ]
            ]
        },
        {
            "pos": [
                0.0,
                0.0,
                0.0
            ],
            "R": [
                [
                    1.0,
                    0.0,
                    0.0
                ],
                [
                    0.0,
                    1.0,
                    0.0
                ],
                [
                    0.0,
                    0.0,
                    1.0
                ]
            ],
            "T": [
                [
                    0.0
                ],
                [
                    0.0
                ],
                [
                    0.0
                ]
            ]
        },
        {
            "pos": [
                356.2608365986189,
                -187.23188850463202,
                325.97001307755824
            ],
            "R": [
                [
                    -0.1042376884345434,
                    -0.49065062841427753,
                    0.865099107123859
                ],
                [
                    0.646027944037479,
                    0.6279381088311773,
                    0.43398344092860663
                ],
                [
                    -0.756162945291907,
                    0.6041156282651526,
                    0.25151919977065224
                ]
            ],
            "T": [
                [
                    -336.7260049297412
                ],
                [
                    -254.050005743331
                ],
                [
                    300.5132366113206
                ]
            ]
        }
    ],
    "triangulated_points": [
        {
            "shot_id": 1,
            "position": [
                32.78093032836914,
                -118.5782501220703,
                478.5089111328125
            ]
        },
        {
            "shot_id": 2,
            "position": [
                41.84093704223633,
                -99.3562240600586,
                491.986181640625
            ]
        },
        {
            "shot_id": 3,
            "position": [
                27.973385620117188,
                -78.06609954833985,
                501.79078369140626
            ]
        }
    ],
    "target": {
        "center": [
            19.1,
            -24.91,
            414.2
        ],
        "radius": 225,
        "rotation": [
            180,
            -35,
            90
        ]
    }
}