{
    "cameras": [
        {
            "id": 0,
            "K": [
                [
                    889.3662708781427,
                    0.0,
                    623.5785089730518
                ],
                [
                    0.0,
                    936.458856330448,
                    331.39779756653553
                ],
                [
                    0.0,
                    0.0,
                    1.0
                ]
            ],
            "D": [
                [
                    -0.3876394947652462,
                    0.20204007900653487,
                    -0.020788980073359154,
                    0.0011262852991845002,
                    -0.07644755579699491
                ]
            ]
        },
        {
            "id": 1,
            "K": [
                [
                    906.8801037288137,
                    0.0,
                    645.3221598469927
                ],
                [
                    0.0,
                    924.6416701332288,
                    351.3733546042215
                ],
                [
                    0.0,
                    0.0,
                    1.0
                ]
            ],
            "D": [
                [
                    -0.40089370064157875,
                    0.15655883033506868,
                    -0.009287952072691933,
                    -0.0028280941993484698,
                    0.009123531445213287
                ]
            ]
        },
        {
            "id": 2,
            "K": [
                [
                    908.6991982809117,
                    0.0,
                    670.4278580427657
                ],
                [
                    0.0,
                    980.2926730454845,
                    479.71439145751646
                ],
                [
                    0.0,
                    0.0,
                    1.0
                ]
            ],
            "D": [
                [
                    -0.4009935717641332,
                    0.1422636001376365,
                    -0.02882150500925644,
                    -0.001753706574643704,
                    -0.0007359675993477611
                ]
            ]
        }
    ],
    "extrinsics": [
        {
            "pos": [
                -337.15670940929664,
                -212.1207509041656,
                330.8634445862059
            ],
            "R": [
                [
                    -0.10398504721899669,
                    0.5902133198985124,
                    -0.8005219216044238
                ],
                [
                    -0.5575373403437218,
                    0.6319357869643778,
                    0.5383393681277282
                ],
                [
                    0.8236135162060613,
                    0.5023001076727827,
                    0.2633540919647903
                ]
            ]
        },
        {
            "pos": [
                0.0,
                0.0,
                0.0
            ],
            "R": [
                [
                    1.0,
                    0.0,
                    0.0
                ],
                [
                    0.0,
                    1.0,
                    0.0
                ],
                [
                    0.0,
                    0.0,
                    1.0
                ]
            ]
        },
        {
            "pos": [
                362.2817391595109,
                -206.85992852678783,
                319.74807474628517
            ],
            "R": [
                [
                    -0.11170592413862905,
                    -0.5678620441334438,
                    0.8155087279391445
                ],
                [
                    0.6435704838979889,
                    0.5839589985209653,
                    0.49478168953761803
                ],
                [
                    -0.7571914016730797,
                    0.5801073925395006,
                    0.3002275709414088
                ]
            ]
        }
    ],
    "triangulated_points": [
        {
            "shot_id": 1,
            "position": [
                0.3381802184983025,
                -114.16095718737927,
                470.7288630323908
            ]
        }
    ],
    "target": {
        "center": [
            0,
            -55,
            400
        ],
        "radius": 225,
        "rotation": [
            180,
            -35,
            90
        ]
    }
}